f242900,琉球HEAT 宜野湾店,りゅうきゅうひーと ぎのわんてん
fay2900,魚升,うおます
fb9k600,com‐place,こむぷれいす
fb4p800,FISH TAIL グリルアンドワイン,ふぃっしゅているぐりるあんどわいん
fb3k800,ビストロ食堂 Chez Nori,びすとろしょくどうしぇのり
fak6800,ホルモン食堂 ほんまる,ほるもんしょくどうほんまる
f740300,いくた,いくた
fb66100,還元レストラン オーシャン8,かんげんれすとらんおーしゃんえいと
fajc900,農場カフェ たいよう市場,のうじょうかふぇたいよういちば
f453402,ガスト 宜野湾長田店,がすと ぎのわんながたてん
f145806,アラカキッチン,あらかきっちん
fb4k100,オイナリアン ぎのわん本店,おいなりあん ぎのわんほんてん
f548000,炭火焼肉 GOSAMARU,すみびやきにくごさまる
f533846,サンマルクカフェ イオンモール沖縄ライカム店,さんまるくかふぇ いおんもーるおきなわらいかむてん
fb60100,あしびJima,あしびじま
f387100,ぽこ あ ぽこ,ぽこあぽこ
f386801,里べ炉（リベロ）,りべろ
f431700,焼肉・居酒屋　はなゆう,やきにくいざかやはなゆう
f160500,海人工房 一郎屋,うみんちゅこうぼういちろうや
fah8000,炭火焼とり ながた 宜野湾店,すみびやきとりながた ぎのわんてん
fb5y200,うみちか食堂,うみちかしょくどう
f467705,居酒屋 魚関,いざかやうおぜき
f185500,がぶり,がぶり
f755329,無添くら寿司 イオンモール沖縄ライカム店,むてんくらずし いおんもーるおきなわらいかむてん
f500403,CoCo壱番屋 ラウンドワン宜野湾店,ここいちばんや らうんどわんぎのわんてん
f533848,バケット イオンモール沖縄ライカム店,ばけっと いおんもーるおきなわらいかむてん
fb5h000,らーめん 一鉄,らーめんいってつ
f483316,マクドナルド 58号大謝名店,まくどなるど ごじゅうはちごうおおじゃなてん
fb5v300,炭焼とワインの店 Ligar,すみやきとわいんのみせりがーる
f457000,真,しん
fb1e700,ピッツァ TOGO,ぴっつぁとーご
fb19500,創食酒楽 はこ,そうしょくしゅらくはこ
f480700,居酒屋 まじゅん,いざかやまじゅん
fb5g900,沖縄そば処 はなきなぁ～,おきなわそばどころはなきなぁー
fap3700,お好み焼 三四郎,おこのみやきさんしろう
f357800,左膳,さぜん
f475400,孔雀樓,くじゃくろう
fb3e000,炭火焼ダイニング 月の花,すみびやきだいにんぐつきのはな
fb32001,海人酒房 イオンモール沖縄ライカム,うみんちゅしゅぼう いおんもーるおきなわらいかむ
fb94400,梅酒BAR 夢月,うめしゅばーむつき
f186001,サムズ アンカーイン 宜野湾店,さむずあんかーいん ぎのわんてん
fasv200,ワイン食堂 A．LAKAKI－YA,わいんしょくどうあらかきや
f463701,串角 我如古店,くしかど がねこてん
faww100,エスプレッソ Cafe クレマ,えすぷれっそかふぇくれま
f104301,牛吉 牧港店,うしきち まきみなとてん
f509542,サブウェイ イオンモール沖縄ライカム店,さぶうぇい いおんもーるおきなわらいかむてん
f533850,鎌倉パスタ イオンモール沖縄ライカム店,かまくらぱすた いおんもーるおきなわらいかむてん
f483746,マクドナルド 宜野湾バイパス店,まくどなるど ぎのわんばいぱすてん
f483327,マクドナルド 330瑞慶覧店,まくどなるど さんびゃくさんじゅうずけらんてん
f483315,マクドナルド 宜野湾店,まくどなるど ぎのわんてん
fb71200,沖縄料理としゃぶしゃぶのお店 赤瓦（あかがーら）,おきなわりょうりとしゃぶしゃぶのおみせあかがーら
fb32004,WILD OCEAN イオンモール沖縄ライカム,わいるどおーしゃん いおんもーるおきなわらいかむ
f687402,レッドロブスター 沖縄ライカム店,れっどろぶすたー おきなわらいかむてん
fb8h200,バーあまくま,ばーあまくま
fb4x211,大戸屋 ごはん処 宜野湾店,おおとやごはんどころ ぎのわんてん
fb7y600,地酒とワインと焼鳥 Tui,じざけとわいんとやきとりとぅい
faua700,レストラン フェストーネ,れすとらんふぇすとーね
fayv600,炭火Bar Gulu Gulu,すみびばーぐるぐる
f545596,リンガーハット イオンモール沖縄ライカム店,りんがーはっと いおんもーるおきなわらいかむてん
fb5a543,すき家 58号宜野湾大謝名店,すきや ごじゅはちごうぎのわんおおじゃなてん
f386800,一歩,いっぽ
f401700,至福のコンビ響や・大吉 コンベンションシティー店,しふくのこんびひびきやだいきち こんべんしょんしてぃーてん
f217841,DINING 南’s,だいにんぐなんず
fb2p200,串焼きとワイン 一羽,くしやきとわいんいちわ
fb5v106,丸亀製麺 イオンモール沖縄ライカム店,まるがめせいめん いおんもーるおきなわらいかむてん
f515440,ロイヤルホスト 沖縄ライカム店,ろいやるほすと おきなわらいかむてん
fb59966,すき家 329号北中城店,すきや さんびゃくにじゅうきゅうごうきたなかぐすくてん
fb32000,Orion BEER HALL イオンモール沖縄ライカム,おりおんびあほーる いおんもーるおきなわらいかむ
f447900,ローズガーデン,ろーずがーでん
fb1p600,亜洲飯店,あじあはんてん
faew900,旬鮮炉端 炙り者～あぶりもん～,しゅんせんろばたあぶりもん
f150000,旨い処 ひのえ,うまいどころひのえ
fas1600,Kozy’s Pizza,こーじーぴざ
fb5z103,カウボーイファミリー 沖縄ライカム店,かうぼーいふぁみりー おきなわらいかむてん
fb5v102,丸亀製麺 宜野湾店,まるがめせいめん ぎのわんてん
f177677,コロッケ倶楽部 中城店,ころっけくらぶ なかぐすくてん
fb4w200,沖縄そば ザ！ 歓福,おきなわそばざかんぷく
fb0w500,吉嶺,ゆしんみ
fb32002,焼肉北中城 イオンモール沖縄ライカム,やきにくきたなかぐすく いおんもーるおきなわらいかむ
f474500,亀千人 宜野湾コンベンション店,かめせんにん ぎのわんこんべんしょんてん
f483784,マクドナルド イオンモール沖縄ライカム店,まくどなるど いおんもーるおきなわらいかむてん
f186002,サムズ カフェ,さむずかふぇ
f145805,大衆居酒屋 やきとん だいちゃん,たいしゅういざかややきとんだいちゃん
kcpm064,串家物語 イオンモール沖縄ライカム店,くしやものがたり いおんもーるおきなわらいかむてん
7009997,しゃぶしゃぶ温野菜 宜野湾店,しゃぶしゃぶおんやさい ぎのわんてん
6417261,台湾小吃「花蓮」,たいわんしゃおちーかれん
5514672,東京池袋大勝軒 沖縄宜野湾店,とうきょういけぶくろたいしょうけんおきなわぎのわんてん
7104052,ショットバー＆カラオケ モンタナ,しょっとばーあんどからおけもんたな
6274764,とよむ,とよむ
7113023,CAFE＆BAR Prime,かふぇあんどばーぷらいむ
5677240,コート・ドール,こーとどーる
7380087,沖縄コナモン,おきなわこなもん
7323411,Bamboo Cafe 北中城店,ばんぶーかふぇ きたなかぐすくてん
7340893,大ちゃん,だいちゃん
6363754,居酒屋くぅ～,いざかやくぅ
3108988,cafe GREEN GREEN,かふぇぐりーんぐりーん
6920466,Gwave Cafe,じーうぇーぶかふぇ
6960618,カラオケハウス ビッグビート,からおけはうすびっぐびーと
7098328,百々庵,ももあん
7078040,ビア・ガーデン B－SIDE,びあがーでんびーさいど
6347702,Vegan Kitchen Olakino Cafe’ Sprout,びーがんきっちんおらきのかふぇすぷらうと
6040233,ロハス・ガーデン樹々,ろはすがーでんじゅじゅ
7349206,BAR Lounge CAVE,ばーらうんじかーぶ
6274656,カフェ スバコ．,かふぇすばこ
6344663,A Danian Cafe,あだにあんかふぇ
5676933,麺一,めんいち
6715169,GEJOL,げじょる
7302491,焼肉 牛角 宜野湾店,やきにくぎゅうかく ぎのわんてん
7220991,cafe 花鳥風月,かふぇかちょうふうげつ
5202154,旬彩食楽 響や 宜野湾店,しゅんさいしょくらくひびきや ぎのわんてん
7088385,KOBA,こば
6254376,カフェ キルト オヴ ハート ベアー,かふぇきるとおゔはーとべあー
6206917,ラクシュミー,らくしゅみー
6416178,TWISTER,ついすたー
6304904,KOMESU屋,こめすや
6277779,ベリーベリー,べりーべりー
7098693,麺屋 弥助 大謝名本店,めんややすけ おおじゃなほんてん
6898012,広州らーめん,こうしゅうらーめん
6077804,悠愉樹庵,ゆうゆじゅあん
6370659,ゆい,ゆい
7137484,カラオケ ドリアン,からおけどりあん
3111396,ステーキハウス ウエスタン,すてーきはうすうえすたん
6399055,柿兵衛,かきべえ
7136892,3丁目の島そば屋 宜野湾店,さんちょうめのしまそばやぎのわんてん
5424753,こけこっこハウス,こけこっこはうす
6433148,だいまる,だいまる
6075988,本家亀そば 北中店,ほんけかめそば きたなかてん
7098431,ハッピーモア市場～薬草ワールド～,はっぴーもあいちばやくそうわーるど
6399048,沖縄の台所 ぱいかじ 沖国大前店,おきなわのだいどころぱいかじ おきこくだいまえてん
7108336,カラオケハウス とまと 宜野湾店,からおけはうすとまと ぎのわんてん
6414876,Jardan！,じゃーだん
5453954,マイ ハウス,まいはうす
5102894,mati－cafe,まてぃかふぇ
6345014,SANS SOUCI,さんすーしぃ
6220612,Global Village,ぐろーばるびれっじ
5081912,天居家,あまいか
6254945,cafe fuuno,かふぇふーの
6399049,大衆居酒屋 寅次郎,たいしゅういざかやとらじろう
6960619,コミックバスター宜野湾愛知店,こみっくばすたーぎのわんあいちてん
6044274,マローニエ,まろーにえ
6402504,CAFE UNIZON,かふぇゆにぞん
5203024,居酒屋大学 中城店,いざかやだいがくなかぐすくてん
6299111,ADAZIO,あだーじお
6433143,ダイニングカフェ ナトゥーラ,だいにんぐかふぇなとぅーら
6970336,トポセシア,とぽせしあ
6189741,洋菓子工房 Petit Sweet,ようがしこうぼうぷちすうぃーと
7194264,博多天ぷらたかおイオンモール沖縄ライカム店,はかたてんぷらたかおいおんもーるおきなわらいかむてん
7357140,隠れ家レストラン プティエトワール,かくれがれすとらんぷてぃえとわーる
6159505,最強食堂 泡瀬店,さいきょうしょくどうあわせてん
7192377,暖暮 中城店,だんぼなかぐすくてん
7272099,大阪王将 宜野湾コンベンションシティ店,おおさかおうしょうぎのわんこんべんしょんしてぃてん
5390697,三郎寿し,さぶろうずし
5897484,ぐすく台所,ぐすくだいどころ
6299095,OKIRAKU cafe,おきらくかふぇ
7083883,ワイン酒場モンカフェ,わいんさかばもんかふぇ
6919796,おきなわ料理 ま～さんや 宜野湾コンベンションシティ店,おきなわりょうりまーさんやぎのわんこんべんしょんしてぃてん
7215030,ソフトシェルタコスの店バリバリ,そふとしぇるたこすのみせばりばり
6084958,やま,やま
6015765,食ダイニング GOT ma-ma,しょくだいにんぐごっとまーま
5440543,なむや,なむや
7159297,KANTIPUR CURRY HOUSE,かんてぃぷーるかれーはうす
6206231,そば専門 そば太郎,そばせんもんそばたろう
7353838,イオンドリップカフェ イオンライカム店,いおんどりっぷかふぇいおんらいかむてん
5796222,コミックハウスまんがかん,こみっくはうすまんがかん
1030882,北の葵 宜野湾店,きたのあおい ぎのわんてん
7205301,Blue Water Shrimp イオンモール沖縄ライカム店,ぶるーうぉーたーしゅりんぷいおんもーるおきなわらいかむてん
5796046,ブーテン・カフェ（BOO-TEN・Cafe）,ぶーてんかふぇ
5329553,吾作,ごさく
7205129,HUNTING POTATO イオンモール沖縄ライカム店,はんてぃんぐぽてといおんもーるおきなわらいかむてん
6022497,エンゼル,えんぜる
7245720,RIPPLE,りっぷる
6198322,ズムズム(ZumZum),ずむずむ
7205039,アメツチテラス 沖縄店,あめつちてらすおきなわてん
6082940,居酒屋 酔仙,いざかやすいせん
7340494,CoCon fouato,ここんふわっと
6077806,食楽家 なかじょう,しょくらくやなかじょう
7194135,Roy’s イオンモール沖縄ライカム店,ろいずいおんもーるおきなわらいかむてん
7094731,Deva,でーゔぁ
7194270,タリーズコーヒー イオンモール沖縄ライカム店,たりーずこーひーいおんもーるおきなわらいかむてん
6306334,北海道ラーメン追風丸 大謝名店,ほっかいどうらーめんはやてまるおおじゃなてん
6339066,お食事処 ゆい,おしょくじどころゆい
7317683,ローストビーフ星 イオンモール沖縄ライカム,ろーすとびーふほしいおんもーるおきなわらいかむ
7337307,ちょい飲み屋台168,ちょいのみやたいいろは
7297718,ミート酒場 當山食堂,みーとさかばとうやましょくどう
6979953,三八木,さんやぎ
6216217,シンディ,しんでぃ
6073592,海産物料理 りゅうぐう,かいさんぶつりょうりりゅうぐう
7205131,焼肉なべしま イオンモール沖縄ライカム店,やきにくなべしまいおんもーるおきなわらいかむてん
6413368,わらく,わらく
5329449,割烹 大将,かっぽうたいしょう

5819485,ショットバーR,しょっとばーあーる
7295259,夢茶巣,むちゃす
5203019,さーふーふー,さーふーふー
5202145,串たつ,くしたつ
7212241,LR,えるあーる
6929980,ちゃんとや,ちゃんとや
7159298,けんぱーのすばやー宜野湾店,けんぱーのすばやーぎのわんてん
7227312,麺屋やまひで 宜野湾店,めんややまひでぎのわんてん
5081932,風来坊,ふうらいぼう
7228492,デザート王国 イオンモール沖縄ライカム,でざーとおうこくいおんもーるおきなわらいかむ
5329450,ニューカッポー,にゅーかっぽー
6190801,パルティーダ,ぱるてぃーだ
6301835,まぐろ亭,まぐろてい
6022627,ホルモン焼サクラ,ほるもんやきさくら
6894570,さぶすりぃ,さぶすりぃ
6730828,ジョイフル 宜野湾コンベンションシティ店,じょいふるぎのわんこんべんしょんしてぃてん
7345417,築地銀だこ イオンモール沖縄ライカム店,つきじぎんだこいおんもーるおきなわらいかむてん
7279471,カラオケ・パーティーハウス フラミンゴ,からおけぱーてぃーはうすふらみんご
5202134,田舎庵,いなかあん
6987691,南国の夜,なんごくのよる
7342129,サーティワンアイスクリーム イオンモール沖縄ライカム店,さーてぃわんあいすくりーむいおんもーるおきなわらいかむてん
6399473,Food＆Bar GARAGE JJ,ふーどあんどばーがれーじじぇいじぇい
7055328,居酒屋 竹馬,いざかやちくば
6744698,Brocante,ぶろかんと
7249952,さしみ屋 浜,さしみやはま
6206448,お食事処 登家,おしょくじどころのぼりや
7272106,コールド・ストーン・クリーマリー イオンモール沖縄ライカム店,こーるどすとーんくりーまりーいおんもーるおきなわらいかむてん
6074586,ラグナガーデンホテル Lounge,らぐながーでんほてるらうんじ
5081940,ユリ,ゆり
7360583,Cafe Orleans Okinawa,かふぇおりんずおきなわ
7316022,琉球レストラン お花,りゅうきゅうれすとらんおはな
5202130,居酒屋ゆんた,いざかやゆんた
5674862,ゲンキ食堂,げんきしょくどう
5795329,E-en,いーえん
7145426,クルミ舎,くるみしゃ
7368924,小料理酒処幸,こりょうりさけどころさち
6773718,コスタビスタ沖縄 LOBBY LOUNGE CAFE VISTA,こすたびすたおきなわろびーらうんじかふぇびすた
7168527,めんらく亭沖縄 琉大東口店,めんらくていおきなわりゅうだいひがしぐちてん
6374120,キンボシ屋,きんぼしや
7227543,我2桜ラーメン,がじろうらーめん
6420891,ALL AMERICAN FOOD A＆W サンエー宜野湾コンベンションシティ店,おーるあめりかんふーどえいあんどだぶりゅーさんえーぎのわんこんべんしょんしてぃてん
6207304,PLOUGHMAN’S LUNCH BAKERY,ぷらうまんずらんちべーかりー
7262663,月虹,げっこう
6979955,ビストロ キャトルセゾン,びすとろきゃとるせぞん
6415970,麺工房 島風,めんこうぼうしまかぜ
5889987,テテラ,ててら
7389891,そば処 やじろべぇ,そばところやじろべぇ
5514677,永大安,えいたいあん
5463779,ジョイフル 大山店,じょいふるおおやまてん
6970333,喫茶 育,きっさいく
6730757,真栄原鮮魚店,まえはらせんぎょてん
5657528,ゆらてぃく,ゆらてぃく
5453951,KING TACOS 長田店,きんぐたこすながたてん
6979956,タコハウスタイラ,たこはうすたいら
7194137,タイガー本舗 イオンモール沖縄ライカム,たいがーほんぽいおんもーるおきなわらいかむ
6937107,小料理麗春花,こりょうりれいしゅんか
7257152,沖縄キッチン,おきなわきっちん
5514673,担々亭 大山店,たんたんていおおやまてん
6396366,やきとり大福,やきとりだいふく
7194144,センプレピッツァ,せんぷれぴっつぁ
5343312,ともだち,ともだち
7161409,スターバックスコーヒー 沖縄宜野湾店,すたーばっくすこーひーおきなわぎのわんてん
7205127,五穀 沖縄ライカム店,ごこくおきなわらいかむてん
6385658,中城ハイウェイショップ上り線 スナックコーナー,なかぐすくぱーきんぐえりあのぼりせんすなっくこーなー
5653396,七輪焼肉 安安 宜野湾店,しちりんやきにくあんあんぎのわんてん
6733027,EMウェルネスリゾート コスタビスタ沖縄 ホテル＆スパ BAR LOUNGE ESTRELLA,いーえむうぇるねすりぞーとこすたびすたおきなわほてるあんどすぱばーらうんじえすとれーや
5232508,焼き肉ステーション BAMBOHE バンボシュ 宜野湾店,やきにくすてーしょんばんぼしゅぎのわんてん
5889979,キャビア,きゃびあ
7194272,JACK IN THE DONUTS イオンモール沖縄ライカム店,じゃっくいんざどーなついおんもーるおきなわらいかむてん
5908284,cafe nicoli scone＆smoothie,かふぇにこりすこーんあんどすむーじー
7054129,ニュー割烹,にゅーかっぽう
5543844,パブロ,ぱぶろ
6902890,キッチンHana‐Gasa,きっちんはながさ
7205300,張家飯 イオンモール沖縄ライカム店,ちゃんじゃーはんいおんもーるおきなわらいかむてん
7207158,まかない家 宜野湾本店,まかないやぎのわんほんてん
6841380,mam marl,まんまある
7205585,スターバックスコーヒー イオンモール沖縄ライカム店,すたーばっくすこーひーいおんもーるおきなわらいかむてん
5081921,流木ダイニング 木の下屋,りゅうぼくだいにんぐきのしたや
5353749,笑,えみ
5889985,セントポーリア,せんとぽーりあ
7205581,野菜を食べるカレー camp express イオンモール沖縄ライカム店,やさいをたべるかれーきゃんぷえくすぷれすいおんもーるおきなわらいかむてん
7205580,魅力屋 イオンモール沖縄ライカム店,かいりきやいおんもーるおきなわらいかむてん
5411138,中華食堂パンダ,ちゅうかしょくどうぱんだ
7328011,アースハンモックカフェ,あーすはんもっくかふぇ
6439664,きらく亭,きらくてい
7253287,おうちカフェ kanjaya,おうちかふぇかんじゃや
5514678,札幌や 伊佐店,さっぽろやいさてん
5453950,ALL AMERICAN FOOD A＆W 普天間店,おーるあめりかんふーどえいあんどだぶりゅーふてんまてん
7194269,博多だるまSOUTHJAPANイオンモール沖縄ライカム店,はかただるまさうすじゃぱんいおんもーるおきなわらいかむてん
7224934,ucchee’s cafe,うちーずかふぇ
6296574,ラグナガーデンホテル 網焼香房 輪,らぐながーでんほてるあみやきこうぼうりん
6050971,割ぽう・田舎,かっぽういなか
6350792,和心,わごころ
5310116,おでん花織,おでんはなおり
6753373,まるやす 中城店,まるやすなかぐすくてん
5646198,琉球料理和の店心花,りゅうきゅうりょうりかずのみせここはな
7228427,にわかラーメン,にわからーめん
6404465,ちゅるげーそばなかぐすく古民家,ちゅるげーそばなかぐすくこみんか
6385657,中城パーキングエリア（下り線） スナックコーナー,なかぐすくぱーきんぐえりあくだりせんすなっくこーなー
6038021,カラオケハウス ぴあ,からおけはうすぴあ
6767521,ビボリンゴ,びぼりんご
7228439,グリル銀次 イオンライカム店,ぐりるぎんじいおんらいかむてん
6281473,じゃじゃまる,じゃじゃまる
6716999,城まんじゅう,ぐすくまんじゅう
7194143,フレッシュネスバーガー イオンモール沖縄ライカム店,ふれっしゅねすばーがーいおんもーるおきなわらいかむてん
6986688,しゃぶしゃぶ専門店中城和大萬味館,しゃぶしゃぶせんもんてんなかじょうかずひろよろずあじかん
6747206,米や松倉,こめやまつくら
5203020,旬,しゅん
5202127,居酒屋 万太,いざかやまんた
6309299,vino e cucina IL CUORE,ゔぃーのえくっちーないるくおーれ
5822578,赤道ラーメン 北中城店,あかみちらーめんきたなかぐすくてん
5889977,喫茶ルクソウル,きっさるくそうる
5453952,KING TACOS 普天間店,きんぐたこすふてんまてん
6455589,足立屋,あだちや
6927247,ココラータ,ここらーた
6068635,動く町 中城 ｢冒険の国｣店,うごくまちなかぐすくぼうけんのくにてん
6027868,CACTUS EATRIP,かくたすいーとりっぷ
7209084,カフェ マーメイド,かふぇまーめいど
6396367,コルネとサンドのお店pippi,こるねとさんどのおみせぴぃっぴ
7185729,大かまど飯寅福 イオンモール沖縄ライカム,おおかまどめしとらふく いおんもーるおきなわらいかむ
7204124,和風亭 なかぐすく店,わふうていなかぐすくてん
7194130,牛たん仙台なとり 沖縄ライカム店,ぎゅうたんせんだいなとりおきなわらいかむてん
5894490,モスバーガー宜野湾大謝名店,もすばーがーぎのわんおおじゃなてん
7249941,パーラーまぁ～みぃ～,ぱーらーまぁみぃ
6189687,IRINA,いりな
6299093,mou,むー
5098660,お好み焼き馬之助 真栄原店,おこのみやきうまのすけまえはらてん
5841087,ゆたかやそば,ゆたかやそば
5889986,ティールームシェルティー,てぃーるーむしぇるてぃー
7308370,まさちゃん,まさちゃん
6970321,ひがし食堂,ひがししょくどう
6937106,花いちもんめ,はないちもんめ
7068206,サーティワンアイスクリーム サンエー宜野湾コンベンションシティ店,さーてぃわんあいすくりーむさんえーぎのわんこんべんしょんしてぃてん
7183180,海鮮家 梛,かいせんやなぎ
6420882,ミスタードーナツ サンエーコンベンションシティ,みすたーどーなつさんえーこんべんしょんしてぃ
7204966,Lee's kitchen,りーずきっちん
5202189,むりぶし（群星）居酒屋,むりぶしいざかや
7090945,ルーラーズ タコライス,るーらーずたこらいす
6220884,くいーんず・てーぶる,くいーんずてーぶる
5081933,普天間コーヒー シャープ,ふてんまこーひーしゃーぷ
7353498,みそ汁亭 秀 我如古店,みそしるていひでがねこてん
7311873,本マグロ鉄板炉端劇場 魚島屋,ほんまぐろてっぱんろばたげきじょううおじまや
6110260,Meison de cafe SEISHIKA,めぞんでかふぇせいしか
6902891,マンガ喫茶 ビッグピッグ,まんがきっさびっぐぴっぐ
7368940,食堂milkdai,しょくどうみるくだい
7094732,JUNK,じゃんく
6996864,Tamanegi,たまねぎ
5202119,居酒屋 おっちゃん酒店,いざかやおっちゃんさけてん
5685270,お食事処 大京,おしょくじどころだいきょう
7350393,ブルーシール MEGAドン・キホーテ宜野湾店,ぶるーしーるめがどんきほーてぎのわんてん
6457581,桑の実,くわのみ
5202161,だいどころ家じゃむ,だいどころやじゃむ
5202147,げんてん,げんてん
6189516,ティーズチョコレート,てぃーずちょこれーと
7073707,あぱらぎ 宜野湾店,あぱらぎぎのわんてん
7353502,Mom’s kitchen ＆ プレジール,まーむずきっちんぷれじーる
7227039,美島食堂,みしましょくどう
6437987,ZUMI CAFE,ずみかふぇ
7000129,Football Life,ふっとぼーるらいふ
5202129,居酒屋幸乃,いざかやゆきの
6753376,ラーメン大桜 沖縄泡瀬店,らーめんおおざくらおきなわあわせてん
7371870,かぎしっぽ,かぎしっぽ
7095692,pippiのごはん,ぴっぴのごはん
6970332,酒楽 COLIBRI,しゅらくこりぶりー
7378084,TAKANE men ＆ bar,たかねめんあんどばー
6350915,麺家 にらい,めんやにらい
6077021,Tone 琉大北口店,とーん りゅうだいきたぐちてん
0101368,手打ちラーメン かなざわ,てうちらーめんかなざわ
6931984,Cat Cafe Nyangusk,きゃっとかふぇにゃんぐすく
6346358,和食 樂,わしょくらく
7221571,星のたね,ほしのたね
6299098,ムーンオーシャン宜野湾 ホテル＆レジデンス ALL DAY DINING OCEAN GRILL,むーんおーしゃんぎのわんほてるあんどれじでんすおーるでいだいにんぐおーしゃんぐりる
0271506,伊佐浜食堂,いさはましょくどう
5113913,マンガ喫茶シャルマン,まんがきっさしゃるまん
6437997,桃原 宜野湾伊佐店,とうげんぎのわんいさてん
7337305,A&WPlusCafe中部徳洲会病院店,えーあんどだぶるぷらすかふぇちゅうぶとくしゅうかいびょういんてん
7161424,マリソル,まりそる
5890002,るねさんす,るねさんす
6299113,山羊料理店 ふるさと,やぎりょうりてんふるさと
5889981,三匹の子豚,さんびきのこぶた
6205937,ドイツ菓子 Regens,どいつかしれーげんす
5453959,ミスタードーナツ サンエー大山,みすたーどーなつさんえーおおやま
6930860,プロムナード,ぷろむなーど
5909322,島のごちそう,しまのごちそう
5889982,さんるーむキッチン,さんるーむきっちん
7246403,カフェ花華,かふぇはなはな
6192606,パティスリーきゃっする 長田店,ぱてぃすりーきゃっするながたてん
6420883,ミーコ（美ー子）の店,みーこのみせ
6410089,カフェ子猫の部屋,かふぇこねこのへや
7368926,居食屋なんじぁぁれ,いしょくやなんじぁぁれ
5758451,ふるさと居酒屋 喜び,ふるさといざかやよろこび
5081915,梅一番,うめいちばん
5343306,うない,うない
6368722,居酒屋呑人,いざかやどんと
6939078,酒食家 江成,しゅしょくやえなり
1031381,割烹 ハイウェイ,かっぽうはいうぇい
5656740,まるよし,まるよし
6902894,まぼろし,まぼろし
7189760,なかよし食堂,なかよししょくどう
5602957,峠の茶屋・笑福家,とうげのちゃやしょうふくや
6844158,GO FLAT,ばーごーふらっと
6382778,ダーツ＆ミュージックbar BOASORTE,だーつあんどみゅーじっくばーぼあそるち
6963792,中華どんぶりの店,ちゅうかどんぶりのみせ
6350358,えん,えん
5202163,ちゅんなー村,ちゅんなーむら
7337316,まるよし製麺所,まるよしせいめんしょ
7279469,とぅるばいんcafe 寄yadoriki,とぅるばいんかふぇやどりぎ
7094741,味処 とうやま,あじどころとうやま
6844390,Entertainment Cafe＆Bar Nest,えんたーていめんとかふぇあんどばーねすと
6985869,手づくりおやつの店 グルマン,てづくりおやつのみせぐるまん
3111457,CAFE＆DINING GRAND BLUE,かふぇあんどだいにんぐぐらんぶるー
5203022,又吉笑点,またよししょうてん
5814478,くわっちぃやー,くわっちぃやー
6451893,はなみ食堂,はなみしょくどう
6437996,Foods dining 舞,ふーずだいにんぐまい
5758438,動く町 光の都市店 宜野湾店,うごくまちひかりのとしてんぎのわんてん
5202181,ひろた,ひろた
6892428,味処 阜,あじどころゆたか
7013851,RAINBOW COFFEE 中城本店,れいんぼーこーひーなかぐすくほんてん
6299090,Bar Lounge F,ばーらうんじえふ
6188582,宗像堂ベーカリー,むなかたどうべーかりー
6396368,小料理やな川,こりょうりやながわ
7340260,トラットリア ショーブー,とらっとりあしょーぶー
5672394,ビック漫,びっくまん
6299101,カラオケスタジオ独楽 coma,からおけすたじおこま
5617614,笹家,ささや
6953027,ロックジャミン,ろっくじゃみん
7205220,マナカフェ,まなかふぇ
7166669,オアシス食堂,おあしすしょくどう
7205241,いろは丸 沖縄ライカム店,いろはまるおきなわらいかむてん
0357401,SHOT BAR BIGTOMORROW,しょっとばーびっぐとぅもろー
6919259,サラク,さらく
6267178,Caribbean cafe bar Mil besos,かりびあんかふぇばーみるべっそ
5806914,喜納島,きなしま
5453958,ミスタードーナツ 宜野湾,みすたーどーなつぎのわん
6996874,小料理 じゅげむ,こりょうりじゅげむ
5515297,やぎ料理店 南山,やぎりょうりてんなんざん
6851028,咲樹,さき
7278850,がちまヤー,がちまやー
6022366,ラグナガーデンホテル 中国料理 壺中天 Kochuten,らぐながーでんほてるちゅうごくりょうりこちゅうてん
5203023,くつろぎ DINING あおいや,くつろぎだいにんぐあおいや
6209064,酒と中華の店 鉄鍋家 TETSUNABEYA,さけとちゅうかのみせてつなべや
5113914,マンガ喫茶U,まんがきっさゆう
6732637,うえず屋,うえずや
7401717,Slowlife Cafe,すろーらいふかふぇ
5202120,居酒屋割烹普 天間亭,いざかやかっぽうふてんまてい
5106043,みやらび居酒屋,みやらびいざかや
5809043,ラーメン工場 無双,らーめんこうじょうむそう
7288931,南乃畑,みなみのはたけ
5801124,ジョイフル まえはら店,じょいふるまえはらてん
5642661,我部祖河食堂 中城店,がぶそかしょくどうなかぐすくてん
5329448,シーサー,しーさー
5202125,居酒屋 天地村,いざかやてんちむら
6994385,JOIA DE LEQUIO CAFE,じょいあでれきおかふぇ
6339060,伊波家,いはや
6427590,おでん未亡人,おでんみぼうじん
6200544,メヒコタコス,めひこたこす
7137052,カラオケ本舗まねきねこ 宜野湾店,からおけほんぽまねきねこぎのわんてん
5917647,赤道ラーメン 真栄原店,あかみちらーめんまえはらてん
7349397,居酒屋 柚子,いざかやゆず
5635115,こがね日和,こがねひより
7274764,シガー ルーム,しがーるーむ
5908085,カラオケ喫茶うりずん,からおけきっさうりずん
7311874,なりた家,なりたや
6730411,讃岐製麺,さぬきせいめん
5733494,大西テラスゴルフクラブレストラン,おおにしてらすごるふくらぶれすとらん
6275393,ゆくいどぅくる颯,ゆくいどぅくるそう
7271714,うさぎや,うさぎや
6022156,喫茶仲順日和,きっさちゅんじゅんびより
7205579,新宿さぼてん イオンモール沖縄ライカム店,しんじゅくさぼてんいおんもーるおきなわらいかむてん
5202168,旬 やざかり,しゅんやざかり
7276494,安里家,あさとや
5656714,焼肉カルビ家,やきにくかるびや
7124142,えいと食堂,えいとしょくどう
5656701,ワイン酒場 加藤食堂,わいんさかばかとうしょくどう
7193307,麺屋武虎 宜野湾店,めんやたけとらぎのわんてん
7013852,bistro de mattaka,びすとろどまったか
5202148,源平,げんぺい
7260659,マラサダ ガレージ イオンモール沖縄ライカム店,まらさだがれーじいおんもーるおきなわらいかむてん
6396379,さびら 宜野湾店,さびらぎのわんてん
7282949,猫まるカフェ okinawa,ねこまるかふぇおきなわ
6979954,あつまいどころまる,あつまいどころまる
7143803,food&drink simasi303,ふーどあんどどりんくしましさんまるさん
5707686,モスバーガー宜野湾野嵩店,もすばーがーぎのわんのだけてん
5919167,チャコールビストロてんにょ,ちゃこーるびすとろてんにょ
7194147,ジャイタイ イオンモール沖縄ライカム店,じゃいたいいおんもーるおきなわらいかむてん
6296575,ラグナガーデンホテル 和琉ダイニングあんのん an‐non,らぐながーでんほてるわりゅうだいにんぐあんのん
7201190,肴や鯛の鯛,さかなやたいのたい
7150962,タコスの店なっちゃん,たこすのみせなっちゃん
7205128,きじむなぁ イオンモール沖縄ライカム店,きじむなぁいおんもーるおきなわらいかむてん
7194271,野菜ソムリエ食堂イオンモール沖縄ライカム店,やさいそむりえしょくどういおんもーるおきなわらいかむてん
7270578,麦とろ海物語 イオンモール沖縄ライカム店,むぎとろうみものがたりいおんもーるおきなわらいかむてん
7381189,Bar Barrique,ばーばりっく
5453953,PIZZA HOUSE Jr． 普天間店,ぴざはうすじゅにあふてんまてん
6773715,味千拉麺 中城ハイウェイショップ上り店,あじせんらーめんなかぐすくはいうぇいしょっぷのぼりてん
5202155,シロマタルー,しろまたるー
7220200,MOTHER COFFEE,まざーこーひー
6269656,沖縄そば専門店 宜野湾そば,おきなわそばせんもんてんぎのわんそば
6455574,イラブーそばくろしお,いらぶーそばくろしお
5820128,うちなーイタリアンSOLA,うちなーいたりあんそら
7337819,いちまるまるイオンモール沖縄ライカム店,いちまるまるいおんもーるおきなわらいかむてん
5799411,最強食堂 宜野湾店,さいきょうしょくどうぎのわんてん
5920126,花風,はなふう
7205294,まいどおおきに食堂 沖縄ライカム食堂,まいどおおきにしょくどうらいかむしょくどう
6948315,カフェ ジャスミン,かふぇじゃすみん
6000602,ラグナガーデンホテル Restaurant Paseo Garden,らぐながーでんほてるれすとらんぱせおがーでん
6209275,パリのパン屋さん ボンジュール 宜野湾店,ぱりのぱんやさんぼんじゅーるぎのわんてん
5202153,酒食の品,しゅしょくのぴん
5920619,ALL DAY DINING CASA VERDE,おーるでいだいにんぐかーさゔぇるで
6000552,ラグナガーデンホテル Bar Lounge Paddle,らぐながーでんほてるばーらうんじぱどる
7137241,生け簀の銀次／グリル銀次 宜野湾店,いけすのぎんじぐりるぎんじぎのわんてん
6921064,東京やきとり酒場,とうきょうやきとりさかば
6931989,猫丸庵,ねこまるあん
5758449,花若丸,はなわかまる
6970345,かふぇ わ,かふえわ
6012029,NEXT CAFE ネクストカフェ,ねくすとかふぇ
6841378,ギノワンコーヒーシャープ,ぎのわんこーひーしゃーぷ
7071581,焼肉ホルモン のぼり苑,やきにくほるもんのぼりえん
